{
	"format_version": "1.8.0",
	"animations": {
		"animation.dt_nu7.hold_gun": {
			"loop": true,
			"bones": {
				"leftArm": {
					"rotation": ["-82.5+query.target_x_rotation", "30+query.target_y_rotation", 0]
				},
				"rightArm": {
					"rotation": ["-90+query.target_x_rotation", "-7.5+query.target_y_rotation", 5],
					"position": [0, -1, 1]
				},
				"scar": {
					"position": [0, 0, -1]
				},
				"chest": {
					"rotation": ["math.sin(query.life_time * 115) * 1", 0, 0]
				},
				"head": {
					"rotation": ["math.sin(query.life_time * 115) * 2+query.target_x_rotation", "7.5+query.target_y_rotation", -17.5]
				},
				"rightLeg": {
					"rotation": [7.5, 10, 2]
				},
				"leftLeg": {
					"rotation": [-7.5, -5, -2]
				}
			}
		},
		"animation.dt_nu7.shooting": {
			"loop": true,
			"animation_length": 5.08,
			"bones": {
				"leftArm": {
					"rotation": {
						"0.0": [-82.5, 30, 0],
						"0.08": [-82.5, 30, 0],
						"0.36": [-21.30988, 7.96115, -19.95103],
						"0.6": [16.73445, 26.28695, 19.4218],
						"0.64": [16.73445, 26.28695, 19.4218],
						"0.96": [-43.4333, 17.2294, 10.3141],
						"1.2": [-78.43, 17.23, 10.31],
						"1.36": [-82.5, 30, 0],
						"1.52": [-105, 30, 0],
						"1.76": [-111.07961, 51.44964, -9.14482],
						"1.84": [-111.07961, 51.44964, -9.14482],
						"2.0": ["-82.5+query.target_x_rotation", "30+query.target_y_rotation", 0]
					},
					"position": {
						"1.52": [0, 0, 0],
						"1.76": [-1, 0, -2],
						"1.84": [-1, 0, -2],
						"2.0": [0, 0, 0]
					}
				},
				"rightArm": {
					"rotation": {
						"0.04": [-90, -7.5, 5],
						"0.28": [-90, -22.5, 5],
						"1.2": [-90, -22.5, 5],
						"1.36": [-90, -7.5, 5],
						"2.0": [-90.93, -7.5, 5],
						"2.04": ["-90+math.sin(query.life_time * 2300) * 1+query.target_x_rotation", "-7.5+query.target_y_rotation", 5],
						"5.08": ["-90+math.sin(query.life_time * 2200) * 1+query.target_x_rotation", "-7.5+query.target_y_rotation", 5]
					},
					"position": {
						"0.04": [0, -1, 0],
						"2.04": [0, -1, 1],
						"2.12": [0, -1, 0],
						"2.2": [0, -1, 1],
						"2.28": [0, -1, 0],
						"2.36": [0, -1, 1],
						"2.44": [0, -1, 0],
						"2.48": [0, -1, 1],
						"2.56": [0, -1, 0],
						"2.68": [0, -1, 1],
						"2.76": [0, -1, 0],
						"2.84": [0, -1, 1],
						"2.92": [0, -1, 0],
						"3.0": [0, -1, 1],
						"3.08": [0, -1, 0],
						"3.16": [0, -1, 1],
						"3.24": [0, -1, 0],
						"3.32": [0, -1, 1],
						"3.4": [0, -1, 0],
						"3.48": [0, -1, 1],
						"3.56": [0, -1, 0],
						"3.64": [0, -1, 1],
						"3.72": [0, -1, 0],
						"3.8": [0, -1, 1],
						"3.88": [0, -1, 0],
						"3.96": [0, -1, 1],
						"4.04": [0, -1, 0],
						"4.12": [0, -1, 1],
						"4.2": [0, -1, 0],
						"4.28": [0, -1, 1],
						"4.32": [0, -1, 0],
						"4.4": [0, -1, 1],
						"4.48": [0, -1, 0],
						"4.56": [0, -1, 1],
						"4.68": [0, -1, 0],
						"4.76": [0, -1, 1],
						"4.84": [0, -1, 0],
						"4.92": [0, -1, 1],
						"5.0": [0, -1, 0],
						"5.08": [0, -1, 1]
					}
				},
				"scar": {
					"position": [0, 0, -1]
				},
				"chest": {
					"rotation": {
						"0.0": [0, 0, 0],
						"2.0": [0, 0, 0],
						"2.04": ["math.sin(query.life_time * 1800) * 1", 0, 0]
					}
				},
				"head": {
					"rotation": {
						"0.0": ["math.sin(query.life_time * 115) * 2", 7.5, -17.5],
						"0.2": ["math.sin(query.life_time * 115) * 2", 7.5, -17.5],
						"0.44": [20, -15, 0],
						"0.72": [35.24996, -31.31768, -6.91451],
						"1.12": [29.25472, -9.78106, 2.87942],
						"1.36": [20, -15, 0],
						"1.52": [0, 7.5, -17.5],
						"1.8": ["math.sin(query.life_time * 115) * 2+query.target_x_rotation", "7.5+query.target_y_rotation", -17.5]
					}
				},
				"rightLeg": {
					"rotation": [7.5, 10, 2]
				},
				"leftLeg": {
					"rotation": [-7.5, -5, -2]
				},
				"mag": {
					"rotation": {
						"0.64": [0, 0, 0],
						"0.8": [2.46714, -3.69508, -67.45055],
						"1.2": [0, 0, 0]
					},
					"position": {
						"0.12": [0, 0, 0],
						"0.44": [0, -15, 0],
						"0.8": [6, -10, 0],
						"1.2": [0, 0, 0]
					},
					"scale": {
						"0.12": [1, 1, 1],
						"0.44": [0, 0, 0],
						"0.96": [0, 0, 0],
						"1.2": [1, 1, 1]
					}
				},
				"ck": {
					"position": {
						"0.0": [0, 0, 0],
						"0.04": [0, 0, "5+math.sin(query.life_time * 2300) * -5"],
						"0.16": [0, 0, 5],
						"1.96": [0, 0, 5],
						"2.08": [0, 0, "5+math.sin(query.life_time * 2300) * -5"]
					}
				}
			}
		},
		"animation.dt_nu7.general": {
			"loop": true,
			"bones": {
				"chest": {
					"rotation": ["2.5+math.sin(query.life_time * 90) * 1", 0, 0]
				},
				"head": {
					"rotation": ["math.sin(query.life_time * 90) * 1.5+query.target_x_rotation", "query.target_y_rotation", 0]
				},
				"leftArm": {
					"rotation": [-40, 0, 0]
				},
				"rightArm": {
					"rotation": [-50, -27.5, 0]
				},
				"scar": {
					"rotation": [0, 0, -35],
					"position": [2, 1, 0]
				},
				"rightLeg": {
					"rotation": [0, 0, 3]
				},
				"leftLeg": {
					"rotation": [0, 0, -3]
				}
			}
		},
		"animation.dt_nu7.gun_resize": {
			"loop": true,
			"bones": {
				"scar": {
					"scale": 0.8
				}
			}
		},
		"animation.dt_nu7.walking": {
			"loop": true,
			"bones": {
				"rightLeg": {
					"rotation": ["variable.tcos0 * 0.9", 0, 0]
				},
				"leftLeg": {
					"rotation": ["variable.tcos0 * -0.9", 0, 0]
				}
			}
		}
	}
}