{
	"format_version": "1.8.0",
	"animations": {
		"animation.item.dt_mp7a1.hold_first_person": {
			"loop": "hold_on_last_frame",
			"animation_length": 0.16,
			"bones": {
				"mp7_groups": {
					"rotation": {
						"0.0": [2.5, 0, 0],
						"0.16": ["2.5+math.sin(query.life_time * 90) * 0.5", "0+math.sin(query.life_time * 80) * 0.2", "0+math.sin(query.life_time * 75) * 0.3"]
					},
					"position": {
						"0.0": [0, -3, 1],
						"0.16": [0, "-3+math.sin(query.life_time * 85) * 0.3", 1]
					}
				},
				"arm1": {
					"rotation": [-7.5, 32.5, 0],
					"position": [3, -3, -6]
				},
				"arm2": {
					"rotation": [-7.53852, -9.99038, 0.44067],
					"position": [-4, -2, 0]
				}
			}
		},
		"animation.item.dt_mp7a1.hold_first_person_sneak": {
			"loop": "hold_on_last_frame",
			"animation_length": 0.32,
			"bones": {
				"mp7_groups": {
					"rotation": {
						"0.0": [2.5, 0, 0],
						"0.16": [2.4985, -0.08903, 2.49762],
						"0.32": [2.5, "0+math.sin(query.life_time * 85) * 0.2", 0]
					},
					"position": {
						"0.0": [0, -3, 1],
						"0.16": [2.75, -2.5, 1],
						"0.32": [5.5, -1.9, 3]
					}
				},
				"arm1": {
					"rotation": [-7.5, 32.5, 0],
					"position": [3, -3, -6]
				},
				"arm2": {
					"rotation": [-7.53852, -9.99038, 0.44067],
					"position": [-4, -2, 0]
				}
			}
		},
		"animation.item.dt_mp7a1.pick": {
			"loop": "hold_on_last_frame",
			"animation_length": 1.84,
			"bones": {
				"mp7_groups": {
					"rotation": {
						"0.0": [12.51153, -2.4407, -0.54143],
						"0.44": [-19.35, 37.45817, 1.91699],
						"1.16": [-19.35, 37.46, 1.92],
						"1.52": [2.5, 0, 0]
					},
					"position": {
						"0.0": [0, -10, 1],
						"0.44": [-5, -1, -4],
						"0.68": [-3, -1, -2],
						"1.16": [-3, -1, -2],
						"1.52": [0, -3, 1]
					}
				},
				"arm1": {
					"rotation": {
						"0.16": [-9.34955, 47.34186, -2.85765],
						"0.6": [0, 29.88667, 0],
						"0.68": [0, 29.88667, 0],
						"1.0": [0, 69.88667, 0],
						"1.12": [-15, 69.89, 0],
						"1.44": [-7.5, 32.5, 0]
					},
					"position": {
						"0.16": [6.4, -6, -1.1],
						"0.36": [8.58, -1.45, 2.99],
						"0.6": [2.4, 4, 7.9],
						"0.68": [2.4, 4, 7.9],
						"1.0": [9.4, 4, 5.9],
						"1.12": [9.4, 4, 5.9],
						"1.28": [14.2, 0.5, -0.05],
						"1.56": [3, -3, -6]
					}
				},
				"arm2": {
					"rotation": [-7.53852, -9.99038, 0.44067],
					"position": [-4, -2, 0]
				},
				"cock": {
					"position": {
						"0.68": [0, 0, 0],
						"0.92": [0, 0, 5],
						"1.04": [0, 0, 0]
					}
				}
			}
		},
		"animation.item.dt_mp7a1.hide_ra": {
			"loop": true,
			"bones": {
				"mp7a2": {
					"scale": 0
				}
			}
		},
		"animation.item.dt_mp7a1.hide_head": {
			"loop": true,
			"bones": {
				"mp7_groups": {
					"scale": 0
				}
			}
		},
		"animation.item.dt_mp7a1.reload": {
			"loop": "hold_on_last_frame",
			"animation_length": 3.8,
			"override_previous_animation": true,
			"bones": {
				"mp7_groups": {
					"rotation": {
						"0.0": [2.5, 0, 0],
						"0.28": [-1.59108, -17.84508, -8.7223],
						"0.52": [-9.53654, -32.46527, -1.59176],
						"0.84": [-13.53708, -25.19312, -3.66537],
						"1.2": [-10.88863, -16.98317, -13.72623],
						"1.52": [-13.53708, -25.19312, -3.66537],
						"1.92": [-9.53654, -32.46527, -1.59176],
						"2.12": [-9.54, -32.47, -1.59],
						"2.56": [-18.05236, 22.26162, -1.62278],
						"3.08": [-21.96489, 29.86324, 7.50087],
						"3.48": [2.5, 0, 0],
						"3.64": [0, 0, 0],
						"3.76": [2.5, 0, 0]
					},
					"position": {
						"0.0": [0, -3, 1],
						"0.52": [0, 4, 1],
						"2.12": [0, 4, 1],
						"2.56": [1, 1, -2],
						"3.08": [1, 1, -2],
						"3.48": [0, -3, 1]
					}
				},
				"arm1": {
					"rotation": {
						"0.0": [-7.5, 32.5, 0],
						"0.24": [7.08377, 32.58347, 26.76166],
						"0.52": [-9.34955, 47.34186, -2.85765],
						"0.6": [-9.34955, 47.34186, -2.85765],
						"2.04": [-9.34955, 47.34186, -2.85765],
						"2.12": [-9.34955, 47.34186, -2.85765],
						"2.56": [0, 29.88667, 0],
						"2.64": [0, 29.88667, 0],
						"2.96": [0, 69.88667, 0],
						"3.08": [-15, 69.89, 0],
						"3.48": [-7.5, 32.5, 0]
					},
					"position": {
						"0.0": [3, -3, -6],
						"0.24": [3, -6, -6],
						"0.52": [6.4, -6, -1.1],
						"0.6": [6.4, -6, -1.1],
						"1.0": [6.4, -21, -1.1],
						"1.6": [6.4, -21, -1.1],
						"2.04": [6.4, -6, -1.1],
						"2.12": [6.4, -6, -1.1],
						"2.32": [8.58, -1.45, 2.99],
						"2.56": [2.4, 4, 7.9],
						"2.64": [2.4, 4, 7.9],
						"2.96": [9.4, 4, 5.9],
						"3.08": [9.4, 4, 5.9],
						"3.28": [14.2, 0.5, -0.05],
						"3.6": [3, -3, -6]
					}
				},
				"arm2": {
					"rotation": [-7.53852, -9.99038, 0.44067],
					"position": [-4, -2, 0]
				},
				"cock": {
					"position": {
						"2.64": [0, 0, 0],
						"2.96": [0, 0, 6],
						"3.08": [0, 0, 0]
					}
				},
				"mag": {
					"position": {
						"0.6": [0, 0, 0],
						"1.0": [0, -15, 0],
						"1.6": [0, -15, 0],
						"2.04": [0, 0, 0]
					}
				}
			}
		}
	}
}