{
	"format_version": "1.8.0",
	"animations": {
		"animation.dt_scp096_picture.open": {
			"loop": "hold_on_last_frame",
			"animation_length": 22.16,
			"bones": {
				"picture": {
					"rotation": {
						"0.0": [-0.88045, 50, -5.07673],
						"0.8": [0, 0, 0],
						"2.08": [0, 0, 0],
						"2.68": [-60, 0, 0],
						"3.04": [-70, 0, 0],
						"3.96": [-70, 0, 0],
						"4.88": [0, 0, 0],
						"6.64": [0, 0, 0],
						"7.16": [-60, 0, 0],
						"7.52": [-70, 0, 0],
						"8.72": [-70, 0, 0],
						"9.48": [0, 0, 0],
						"11.16": [0, 0, 0],
						"11.72": [-60, 0, 0],
						"12.08": [-70, 0, 0],
						"13.28": [-70, 0, 0],
						"14.04": [0, 0, 0],
						"15.72": [0, 0, 0],
						"16.28": [-60, 0, 0],
						"16.64": [-70, 0, 0],
						"17.84": [-70, 0, 0],
						"18.6": [0, 0, 0],
						"20.36": [0, 0, 0],
						"21.32": [7.58967, 36.83503, -24.96939],
						"21.84": [7.59, 36.84, -24.97]
					},
					"position": {
						"0.0": [-8, -3, 0],
						"0.8": [0, -2, 0],
						"2.08": [0, -2, 0],
						"2.68": [0, -2, -5],
						"3.96": [0, -2, -5],
						"4.88": [0, -2, 0],
						"6.64": [0, -2, 0],
						"7.16": [0, -2, -5],
						"8.72": [0, -2, -5],
						"9.48": [0, -2, 0],
						"11.16": [0, -2, 0],
						"11.72": [0, -2, -5],
						"13.28": [0, -2, -5],
						"14.04": [0, -2, 0],
						"15.72": [0, -2, 0],
						"16.28": [0, -2, -5],
						"17.84": [0, -2, -5],
						"18.6": [0, -2, 0],
						"18.88": [0, -2, 0],
						"19.12": [0, 0, 5],
						"20.36": [0, 0, 5],
						"21.32": [-12, -15, 5],
						"21.36": [-12, -31, 5],
						"21.8": [-12, -31, 5],
						"21.84": [-12, -15, 5]
					}
				},
				"p1": {
					"rotation": {
						"16.44": [0, 0, 0],
						"17.52": [360.5, 0, 0],
						"21.6": [360.5, 0, 0],
						"21.72": [0, 0, 0]
					},
					"position": {
						"16.44": [0, 0, 0],
						"17.52": [0, 0, -0.5],
						"21.6": [0, 0, -0.5],
						"21.72": [0, 0, 0]
					}
				},
				"p2": {
					"rotation": {
						"11.92": [0, 0, 0],
						"13.0": [360.5, 0, 0],
						"21.6": [360.5, 0, 0],
						"21.72": [0, 0, 0]
					},
					"position": {
						"11.92": [0, 0, 0],
						"13.0": [0, 0, -0.5],
						"21.6": [0, 0, -0.5],
						"21.72": [0, 0, 0]
					}
				},
				"p3": {
					"rotation": {
						"7.32": [0, 0, 0],
						"8.4": [360.5, 0, 0],
						"21.6": [360.5, 0, 0],
						"21.72": [0, 0, 0]
					},
					"position": {
						"7.32": [0, 0, 0],
						"8.4": [0, 0, -0.5],
						"21.6": [0, 0, -0.5],
						"21.72": [0, 0, 0]
					}
				},
				"DontOpen": {
					"rotation": {
						"3.04": [0, 0, 0],
						"3.76": [360, 0, 0],
						"21.6": [360, 0, 0],
						"21.72": [0, 0, 0]
					},
					"position": {
						"3.04": [0, 0, 0],
						"3.76": [0, 0, -0.5],
						"21.6": [0, 0, -0.5],
						"21.72": [0, 0, 0]
					}
				},
				"pictureBase": {
					"rotation": {
						"0.0": [0, 0, 0],
						"0.8": [0, "math.sin(query.life_time * 80) * 2", "math.sin(query.life_time * 160) * 0.4"],
						"21.84": [0, "math.sin(query.life_time * 80) * 2", "math.sin(query.life_time * 160) * 0.4"],
						"22.16": [0, 0, 0]
					},
					"position": {
						"0.0": [0, 0, 0],
						"0.8": ["math.sin(query.life_time * 120) * 0.2", 0, 0],
						"21.84": ["math.sin(query.life_time * 120) * 0.2", 0, 0],
						"22.16": [0, 0, 0]
					}
				}
			}
		},
		"animation.dt_scp096_picture.holding": {
			"loop": "hold_on_last_frame",
			"animation_length": 1,
			"bones": {
				"picture": {
					"rotation": {
						"0.0": [-0.88045, 50, -5.07673],
						"0.24": [-0.88045, 50, -5.07673]
					},
					"position": {
						"0.0": [-8, -15, 0],
						"0.24": [-8, -3, 0],
						"0.36": [-8, -2, 0],
						"0.52": [-8, -3, 0],
						"0.68": [-8, -3, 0],
						"1.0": [-8, "-3+math.sin(query.life_time * 100) * 0.2", 0]
					}
				}
			}
		},
		"animation.dt_scp096_picture.third_person_hide": {
			"loop": true,
			"bones": {
				"picture": {
					"scale": 0
				}
			}
		},
		"animation.dt_scp096_picture.first_person_hide": {
			"loop": true,
			"bones": {
				"picture2": {
					"scale": 0
				}
			}
		}
	}
}