{
	"format_version": "1.8.0",
	"animations": {
		"animation.dt_scp029.general": {
			"loop": true,
			"bones": {
				"chest": {
					"rotation": ["math.sin(query.life_time * 70) * 1", 0, 0]
				},
				"head": {
					"rotation": ["query.target_x_rotation", "query.target_y_rotation", 0]
				},
				"leftArm": {
					"rotation": [0, 0, "-2.5+math.sin(query.life_time * -70) * 2"]
				},
				"rightArm": {
					"rotation": [0, 0, "2.5+math.sin(query.life_time * 70) * 2"]
				}
			}
		},
		"animation.dt_scp029.crying": {
			"animation_length": 5.76,
			"bones": {
				"chest": {
					"rotation": {
						"0.0": [0, 0, 0],
						"0.32": [0, 2.5, 0],
						"1.36": [0, 2.5, 0],
						"1.92": [2.5, -2.5, 0],
						"2.96": [2.5, -2.5, 0],
						"3.36": [7.5, -2.5, 0],
						"5.28": [10, -2.5, 0],
						"5.76": [0, 0, 0]
					}
				},
				"head": {
					"rotation": {
						"0.0": [0, 0, 0],
						"0.4": [20, 30, 0],
						"1.16": [20, 30, 0],
						"1.36": [18.63036, 37.30674, 2.03546],
						"1.68": [18.63036, 37.30674, 2.03546],
						"1.8": [18.63036, 37.30674, 2.03546],
						"2.32": [30.92378, -20.67861, -7.73641],
						"2.96": [30.92378, -20.67861, -7.73641],
						"3.36": [35, 0, 0],
						"3.6": [40, 0, 0],
						"3.76": [35, 0, 0],
						"3.96": [40, 0, 0],
						"4.12": [40, 0, 0],
						"4.44": [0, 0, 0],
						"4.64": [7.61435, 9.91358, 1.31845],
						"4.8": [7.67995, -12.39135, -1.6575],
						"5.0": [7.61435, 9.91358, 1.31845],
						"5.28": [7.61, 9.91, 1.32],
						"5.76": [0, 0, 0]
					}
				},
				"leftArm": {
					"rotation": {
						"1.76": [0, 0, 0],
						"2.28": [-54.6665, 13.47157, -18.19144],
						"2.96": [-54.6665, 13.47157, -18.19144],
						"3.36": [-113.67086, 42.61536, -26.42399],
						"4.2": [-113.67, 42.62, -26.42],
						"4.72": [-40.92358, 41.89633, 10.03675],
						"5.28": [-40.92, 41.9, 10.04],
						"5.76": [0, 0, 0]
					},
					"position": {
						"2.96": [0, 0, 0],
						"3.36": [-1, 0, -1],
						"4.2": [-1, 0, -1],
						"4.72": [0, 0, 0]
					}
				},
				"rightArm": {
					"rotation": {
						"0.0": [0, 0, 0],
						"0.32": [-28.46912, 23.79365, 6.24419],
						"1.12": [-28.46912, 23.79365, 6.24419],
						"1.32": [-41.24014, 3.68096, 25.67496],
						"1.68": [-41.24014, 3.68096, 25.67496],
						"1.88": [0, 0, 2.5],
						"5.28": [0, 0, 2.5],
						"5.76": [0, 0, 0]
					}
				}
			}
		},
		"animation.dt_scp029.walking_legs": {
			"loop": true,
			"bones": {
				"rightLeg": {
					"rotation": ["variable.tcos0 * 0.9", 0, 0]
				},
				"leftLeg": {
					"rotation": ["variable.tcos0 * -0.9", 0, 0]
				}
			}
		},
		"animation.dt_scp029.walking_arms": {
			"loop": true,
			"bones": {
				"leftArm": {
					"rotation": ["variable.tcos0 * 0.9", 0, 0]
				},
				"rightArm": {
					"rotation": ["variable.tcos0 * -0.9", 0, 0]
				}
			}
		}
	}
}